Keyword Text,Competition,Competition Index,Search Volume,Low Top Page Bid,High Top Page Bid
etsy fees,LOW,18,2900,0.06,0.68
etsy seller fees,LOW,27,2900,0.06,2.37
etsy sales fees,LOW,27,2900,0.06,2.37
etsy charges calculator,LOW,4,2900,0.07,1.00
etsy inc seller fees,LOW,27,2900,0.06,2.37
etsy sale fee,LOW,27,2900,0.06,2.37
fees for etsy sellers,LOW,27,2900,0.06,2.37
etsy shipping,LOW,11,1600,1.42,10.73
etsy calculator,LOW,9,1000,0.09,1.68
etsy profit calculator,LOW,5,880,0.82,4.66
etsy shop cost,MEDIUM,43,720,0.11,2.60
etsy charges for selling,LOW,33,720,0.05,0.58
cost for etsy shop,MEDIUM,43,720,0.11,2.60
cost for etsy store,MEDIUM,43,720,0.11,2.60
etsy charge to sell,LOW,33,720,0.05,0.58
etsy listing fee,LOW,14,590,0.07,1.71
etsy payments,LOW,2,590,4.23,30.07
cost to list on etsy,LOW,14,590,0.07,1.71
etsy pricing,LOW,9,480,0.25,3.52
etsy fees calculator,LOW,7,480,0.09,1.78
etsy costs,LOW,30,320,0.07,1.73
cost to sell on etsy,MEDIUM,37,320,0.05,1.21
etsy price calculator,LOW,8,320,0.22,3.27
etsy commissions,LOW,17,320,0.04,0.57
etsy cost to sell,MEDIUM,35,210,0.07,2.38
etsy shop fees,LOW,31,210,0.10,1.31
etsy shop charges,LOW,31,210,0.10,1.31
fees for etsy shop,LOW,31,210,0.10,1.31
etsy payment processing,LOW,5,170,10.42,54.22
etsy percentage fee,LOW,19,170,0.04,0.24
payment processing etsy,LOW,5,170,10.42,54.22
etsy transaction fee,LOW,16,170,0.09,1.13
etsy monthly fee,LOW,11,140,0.05,1.71
etsy ads cost,LOW,14,140,0.75,13.77
etsy ad cost,LOW,14,140,0.75,13.77
etsy monthly cost,LOW,11,140,0.05,1.71
etsy shipping fees,LOW,1,110,,
etsy commission rates,LOW,29,110,0.04,0.26
etsy charges,LOW,6,90,0.05,0.19
etsy shipping rates,LOW,4,90,,
etsy shipping charges,LOW,2,90,0.05,0.52
etsy fees explained,LOW,29,70,0.05,0.47
etsy store pricing,LOW,29,70,0.19,3.55
etsy store fees,MEDIUM,37,50,0.15,1.39
etsy selling fees calculator,LOW,13,50,0.13,1.39
etsy cost calculator,LOW,9,50,0.12,1.65
etsy credit card processing fees,LOW,6,50,,
etsy payment processing fee,LOW,6,50,,
etsy processing fee,LOW,12,50,0.12,2.20
etsy commission fees,LOW,21,40,0.02,0.15
etsy fee breakdown,LOW,29,40,0.11,0.59
etsy fees 2020,LOW,0,40,,
etsy import fees,LOW,0,40,,
etsy sale percentage,LOW,23,40,0.06,0.59
etsy seller calculator,LOW,8,40,0.11,1.50
sell on etsy cost,MEDIUM,55,40,0.21,3.92
etsy monthly subscription,MEDIUM,36,30,,
etsy rates,LOW,14,30,,
etsy pay in 4,LOW,25,30,1.11,4.50
etsy account cost,MEDIUM,35,30,0.07,2.02
etsy advertising fees,LOW,7,30,,
etsy customs charges,LOW,0,30,,
etsy customs fees,LOW,0,30,,
etsy fee percentage,LOW,6,30,,
etsy fee structure,LOW,19,30,0.07,0.77
etsy fees example,LOW,3,30,,
etsy fees for digital products,LOW,8,30,,
etsy handling fee,LOW,0,30,,
etsy listing prices,LOW,8,30,,
etsy marketing fee,LOW,2,30,,
etsy membership fee,LOW,6,30,,
etsy percentage cut,LOW,22,30,0.04,1.27
etsy sale calculator,LOW,15,30,0.25,0.84
etsy takes what percentage,LOW,16,30,,
handling fee etsy,LOW,0,30,,
percent etsy takes,LOW,27,30,0.04,0.28
etsy pricing plans,LOW,2,20,,
etsy prices to sell,MEDIUM,44,20,0.09,3.22
price to sell on etsy,LOW,33,20,0.07,2.46
current etsy fees,LOW,27,20,0.08,0.28
etsy calculator profit,LOW,15,20,0.16,2.59
etsy cost per listing,MEDIUM,51,20,0.14,3.47
etsy costs for sellers,MEDIUM,48,20,0.06,1.43
etsy delivery fee,LOW,0,20,,
etsy fee and profit calculator,LOW,6,20,,
etsy fee increases,LOW,0,20,,
etsy fee per sale,LOW,20,20,0.18,0.94
etsy fees increasing,LOW,0,20,,
etsy listing fee explained,LOW,25,20,0.16,2.00
etsy pattern cost,LOW,8,20,,
etsy payments explained,UNSPECIFIED,0,20,,
etsy payments for sellers,LOW,0,20,,
etsy price list,HIGH,100,20,,
etsy profit margin calculator,LOW,8,20,,
etsy seller account fees,LOW,33,20,0.47,3.77
etsy seller fee calculator,LOW,3,20,,
pattern by etsy cost,LOW,8,20,,
profit calculator etsy,LOW,31,20,,
setting up an etsy shop cost,MEDIUM,37,20,0.08,0.41
etsy fees 2022,UNSPECIFIED,0,10,,
etsy fees 2023,UNSPECIFIED,0,10,,
etsy ads price,LOW,7,10,,
etsy shipping rates 2022,LOW,0,10,,
etsy payment processing for sellers,LOW,32,10,,
advertising on etsy cost,UNSPECIFIED,0,10,,
etsy cost of selling,LOW,11,10,,
all etsy fees,LOW,16,10,,
all etsy fees explained,UNSPECIFIED,0,10,,
average handling fee on etsy,UNSPECIFIED,0,10,,
breakdown of etsy fees,LOW,0,10,,
calculator etsy,LOW,14,10,,
catch marketplace seller fees,UNSPECIFIED,0,10,,
charges to sell on etsy,UNSPECIFIED,0,10,,
compare ebay and etsy fees,LOW,18,10,,
cost etsy shop,MEDIUM,50,10,0.03,1.84
cost for etsy,HIGH,71,10,,
cost for selling on etsy,MEDIUM,61,10,0.03,0.24
cost of etsy listing,LOW,23,10,,
cost to have etsy shop,MEDIUM,48,10,,
cost to list items on etsy,LOW,33,10,0.06,2.53
cost to sell items on etsy,LOW,23,10,,
cost to use etsy,LOW,17,10,,
deposit fee etsy,UNSPECIFIED,0,10,,
etsy 20 cent fee,LOW,0,10,,
etsy 30 fee,UNSPECIFIED,0,10,,
etsy 6.5,LOW,0,10,,
etsy 6.5 fee,UNSPECIFIED,0,10,,
etsy 6.5 transaction fee,LOW,14,10,,
etsy account fees,LOW,17,10,,
etsy and paypal fee calculator,UNSPECIFIED,0,10,,
etsy business cost,UNSPECIFIED,0,10,,
etsy business fees,MEDIUM,40,10,0.07,1.00
etsy calculator 2022,UNSPECIFIED,0,10,,
etsy card processing fees,UNSPECIFIED,0,10,,
etsy charge per listing,LOW,14,10,,
etsy charges and fees,MEDIUM,62,10,,
etsy charges explained,UNSPECIFIED,0,10,,
etsy com help charge,UNSPECIFIED,0,10,,
etsy cost per month,LOW,27,10,0.24,1.67
etsy cost per sale,LOW,29,10,,
etsy cost to list,LOW,3,10,,
etsy credit card fees,LOW,0,10,,
etsy currency conversion,LOW,0,10,,
etsy currency conversion fee,UNSPECIFIED,0,10,,
etsy custom charges,UNSPECIFIED,0,10,,
etsy custom fees,LOW,0,10,,
etsy delivery charges,LOW,0,10,,
etsy delivery cost,LOW,0,10,,
etsy delivery prices,UNSPECIFIED,0,10,,
etsy deposit fee,LOW,0,10,,
etsy digital download fees,LOW,7,10,,
etsy digital product fees,LOW,14,10,,
etsy duty fees,LOW,0,10,,
etsy fee 2022,UNSPECIFIED,0,10,,
etsy fee breakdown 2021,UNSPECIFIED,0,10,,
etsy fee calculator 2021,UNSPECIFIED,0,10,,
etsy fee calculator 2022,UNSPECIFIED,0,10,,
etsy fee calculator excel,LOW,3,10,,
etsy fee calculator us 2022,UNSPECIFIED,0,10,,
etsy fee changes,LOW,19,10,,
etsy fee raise,UNSPECIFIED,0,10,,
etsy fees 2021,UNSPECIFIED,0,10,,
etsy fees 30,LOW,0,10,,
etsy fees and charges,MEDIUM,36,10,,
etsy fees and taxes,UNSPECIFIED,0,10,,
etsy fees april 2022,UNSPECIFIED,0,10,,
etsy fees are ridiculous,LOW,2,10,,
etsy fees are too high,LOW,1,10,,
etsy fees digital download,LOW,0,10,,
etsy fees explained 2022,UNSPECIFIED,0,10,,
etsy fees for digital downloads,LOW,4,10,,
etsy fees going up,LOW,0,10,,
etsy fees on digital items,UNSPECIFIED,0,10,,
etsy fees seller,LOW,3,10,,
etsy fees too high,LOW,0,10,,
etsy final value fee,LOW,0,10,,
etsy full fees,UNSPECIFIED,0,10,,
etsy hidden fees,LOW,10,10,,
etsy how much does it cost to sell,LOW,14,10,,
etsy increased fees,LOW,0,10,,
etsy increases fees,LOW,0,10,,
etsy increases transaction fee,UNSPECIFIED,0,10,,
etsy increasing transaction fee,UNSPECIFIED,0,10,,
etsy joining fee,HIGH,71,10,,
etsy length fee,LOW,12,10,,
etsy listing calculator,LOW,11,10,,
etsy listing charges,LOW,11,10,,
etsy listing costs,MEDIUM,36,10,0.34,1.11
etsy listing fee calculator,LOW,6,10,,
etsy listing price calculator,LOW,0,10,,
etsy marketplace fees,LOW,14,10,,
etsy membership cost,LOW,0,10,,
etsy merchant fees,MEDIUM,46,10,0.03,0.15
etsy new fees,LOW,0,10,,
etsy new seller fees,UNSPECIFIED,0,10,,
etsy offsite ads worth it,LOW,2,10,,
etsy order payment processing,LOW,0,10,,
etsy page cost,LOW,24,10,0.05,0.43
etsy pattern fees,LOW,0,10,,
etsy pattern pricing,LOW,0,10,,
etsy payment account explained,LOW,0,10,,
etsy payment calculator,LOW,0,10,,
etsy payment fee,LOW,2,10,,
etsy payments paypal,LOW,0,10,,
etsy paypal fee calculator,UNSPECIFIED,0,10,,
etsy paypal fees,UNSPECIFIED,0,10,,
etsy percentage calculator,LOW,0,10,,
etsy platform fees,LOW,24,10,0.07,0.53
etsy postage fees,UNSPECIFIED,0,10,,
etsy price per listing,UNSPECIFIED,0,10,,
etsy prices going up,UNSPECIFIED,0,10,,
etsy processing fee 2022,UNSPECIFIED,0,10,,
etsy product pricing calculator,LOW,14,10,,
etsy raise fees,LOW,0,10,,
etsy raised fees,LOW,0,10,,
etsy raising prices,UNSPECIFIED,0,10,,
etsy raising seller fees,UNSPECIFIED,0,10,,
etsy raising their fees,UNSPECIFIED,0,10,,
etsy raising transaction fees,UNSPECIFIED,0,10,,
etsy rates going up,UNSPECIFIED,0,10,,
etsy renewal fee,LOW,4,10,,
etsy sale commission,UNSPECIFIED,0,10,,
etsy sell fee,LOW,18,10,,
etsy seller commission,LOW,29,10,,
etsy seller fees 2020,UNSPECIFIED,0,10,,
etsy seller payment,LOW,4,10,,
etsy seller percentage,LOW,30,10,0.12,1.04
etsy seller shipping fee,UNSPECIFIED,0,10,,
etsy service fee,LOW,0,10,,
etsy shipping fee calculator,LOW,0,10,,
etsy shipping label fee,LOW,10,10,,
etsy shipping rates 2021,UNSPECIFIED,0,10,,
etsy shipping transaction fee,LOW,0,10,,
etsy shop monthly fee,LOW,29,10,,
etsy shop set up cost,HIGH,86,10,,
etsy square fees,UNSPECIFIED,0,10,,
etsy subscription fee,LOW,14,10,,
etsy takes how much,LOW,18,10,,
etsy takes money from sellers,LOW,0,10,,
etsy taxes and fees,UNSPECIFIED,0,10,,
etsy total fees,LOW,15,10,0.12,0.34
etsy total fees percentage,LOW,18,10,,
etsy transaction fee and processing fee,UNSPECIFIED,0,10,,
etsy transaction fee calculator,LOW,29,10,,
etsy transaction fees explained,UNSPECIFIED,0,10,,
etsy vat fees,LOW,0,10,,
etsy vendor fees,MEDIUM,55,10,0.05,0.75
example of etsy fees,UNSPECIFIED,0,10,,
fee etsy,LOW,16,10,,
fees selling on etsy,MEDIUM,43,10,,
handling fee on etsy,LOW,0,10,,
length fee etsy,LOW,0,10,,
list of etsy fees,LOW,6,10,,
listing on etsy cost,MEDIUM,38,10,0.16,3.36
new etsy fee,LOW,0,10,,
new etsy fee calculator,UNSPECIFIED,0,10,,
new etsy fees,LOW,0,10,,
omni profit calculator etsy,LOW,2,10,,
opening etsy shop cost,MEDIUM,50,10,,
pattern etsy pricing,UNSPECIFIED,0,10,,
payment processing fee etsy,LOW,0,10,,
payment processing on etsy,LOW,0,10,,
paypal fees for etsy sellers,UNSPECIFIED,0,10,,
price for etsy shop,LOW,14,10,,
price of etsy,LOW,0,10,,
pricing for etsy,LOW,0,10,,
processing fee etsy,LOW,0,10,,
raising prices on etsy,LOW,0,10,,
selling costs on etsy,UNSPECIFIED,0,10,,
selling fee etsy,LOW,20,10,,
selling in etsy fees,MEDIUM,62,10,0.05,2.53
set up etsy payments,UNSPECIFIED,0,10,,
shipping fee etsy,LOW,0,10,,
shipping fees on etsy,MEDIUM,50,10,0.04,0.24
shipping transaction fee etsy,UNSPECIFIED,0,10,,
total etsy fees,LOW,31,10,0.07,0.97
total fees for selling on etsy,LOW,0,10,,
transaction fee etsy,LOW,12,10,,
transaction fee on etsy,LOW,0,10,,
understanding etsy fees,MEDIUM,64,10,,
vat on seller fees etsy,UNSPECIFIED,0,10,,
